category & sub-category,category,subcategory,subcatgory_id,category_id
film & video/animation,film & video,animation,subcat11,cat5
film & video/animation,film & video,animation,subcat11,cat5
film & video/animation,film & video,animation,subcat11,cat5
film & video/animation,film & video,animation,subcat11,cat5
film & video/animation,film & video,animation,subcat11,cat5
film & video/animation,film & video,animation,subcat11,cat5
film & video/animation,film & video,animation,subcat11,cat5
film & video/animation,film & video,animation,subcat11,cat5
film & video/animation,film & video,animation,subcat11,cat5
film & video/animation,film & video,animation,subcat11,cat5
film & video/animation,film & video,animation,subcat11,cat5
film & video/animation,film & video,animation,subcat11,cat5
film & video/animation,film & video,animation,subcat11,cat5
film & video/animation,film & video,animation,subcat11,cat5
film & video/animation,film & video,animation,subcat11,cat5
film & video/animation,film & video,animation,subcat11,cat5
film & video/animation,film & video,animation,subcat11,cat5
film & video/animation,film & video,animation,subcat11,cat5
film & video/animation,film & video,animation,subcat11,cat5
film & video/animation,film & video,animation,subcat11,cat5
film & video/animation,film & video,animation,subcat11,cat5
film & video/animation,film & video,animation,subcat11,cat5
film & video/animation,film & video,animation,subcat11,cat5
film & video/animation,film & video,animation,subcat11,cat5
film & video/animation,film & video,animation,subcat11,cat5
film & video/animation,film & video,animation,subcat11,cat5
film & video/animation,film & video,animation,subcat11,cat5
film & video/animation,film & video,animation,subcat11,cat5
film & video/animation,film & video,animation,subcat11,cat5
film & video/animation,film & video,animation,subcat11,cat5
film & video/animation,film & video,animation,subcat11,cat5
film & video/animation,film & video,animation,subcat11,cat5
film & video/animation,film & video,animation,subcat11,cat5
film & video/animation,film & video,animation,subcat11,cat5
film & video/documentary,film & video,documentary,subcat5,cat5
film & video/documentary,film & video,documentary,subcat5,cat5
film & video/documentary,film & video,documentary,subcat5,cat5
film & video/documentary,film & video,documentary,subcat5,cat5
film & video/documentary,film & video,documentary,subcat5,cat5
film & video/documentary,film & video,documentary,subcat5,cat5
film & video/documentary,film & video,documentary,subcat5,cat5
film & video/documentary,film & video,documentary,subcat5,cat5
film & video/documentary,film & video,documentary,subcat5,cat5
film & video/documentary,film & video,documentary,subcat5,cat5
film & video/documentary,film & video,documentary,subcat5,cat5
film & video/documentary,film & video,documentary,subcat5,cat5
film & video/documentary,film & video,documentary,subcat5,cat5
film & video/documentary,film & video,documentary,subcat5,cat5
film & video/documentary,film & video,documentary,subcat5,cat5
film & video/documentary,film & video,documentary,subcat5,cat5
film & video/documentary,film & video,documentary,subcat5,cat5
film & video/documentary,film & video,documentary,subcat5,cat5
film & video/documentary,film & video,documentary,subcat5,cat5
film & video/documentary,film & video,documentary,subcat5,cat5
film & video/documentary,film & video,documentary,subcat5,cat5
film & video/documentary,film & video,documentary,subcat5,cat5
film & video/documentary,film & video,documentary,subcat5,cat5
film & video/documentary,film & video,documentary,subcat5,cat5
film & video/documentary,film & video,documentary,subcat5,cat5
film & video/documentary,film & video,documentary,subcat5,cat5
film & video/documentary,film & video,documentary,subcat5,cat5
film & video/documentary,film & video,documentary,subcat5,cat5
film & video/documentary,film & video,documentary,subcat5,cat5
film & video/documentary,film & video,documentary,subcat5,cat5
film & video/documentary,film & video,documentary,subcat5,cat5
film & video/documentary,film & video,documentary,subcat5,cat5
film & video/documentary,film & video,documentary,subcat5,cat5
film & video/documentary,film & video,documentary,subcat5,cat5
film & video/documentary,film & video,documentary,subcat5,cat5
film & video/documentary,film & video,documentary,subcat5,cat5
film & video/documentary,film & video,documentary,subcat5,cat5
film & video/documentary,film & video,documentary,subcat5,cat5
film & video/documentary,film & video,documentary,subcat5,cat5
film & video/documentary,film & video,documentary,subcat5,cat5
film & video/documentary,film & video,documentary,subcat5,cat5
film & video/documentary,film & video,documentary,subcat5,cat5
film & video/documentary,film & video,documentary,subcat5,cat5
film & video/documentary,film & video,documentary,subcat5,cat5
film & video/documentary,film & video,documentary,subcat5,cat5
film & video/documentary,film & video,documentary,subcat5,cat5
film & video/documentary,film & video,documentary,subcat5,cat5
film & video/documentary,film & video,documentary,subcat5,cat5
film & video/documentary,film & video,documentary,subcat5,cat5
film & video/documentary,film & video,documentary,subcat5,cat5
film & video/documentary,film & video,documentary,subcat5,cat5
film & video/documentary,film & video,documentary,subcat5,cat5
film & video/documentary,film & video,documentary,subcat5,cat5
film & video/documentary,film & video,documentary,subcat5,cat5
film & video/documentary,film & video,documentary,subcat5,cat5
film & video/documentary,film & video,documentary,subcat5,cat5
film & video/documentary,film & video,documentary,subcat5,cat5
film & video/documentary,film & video,documentary,subcat5,cat5
film & video/documentary,film & video,documentary,subcat5,cat5
film & video/documentary,film & video,documentary,subcat5,cat5
film & video/drama,film & video,drama,subcat7,cat5
film & video/drama,film & video,drama,subcat7,cat5
film & video/drama,film & video,drama,subcat7,cat5
film & video/drama,film & video,drama,subcat7,cat5
film & video/drama,film & video,drama,subcat7,cat5
film & video/drama,film & video,drama,subcat7,cat5
film & video/drama,film & video,drama,subcat7,cat5
film & video/drama,film & video,drama,subcat7,cat5
film & video/drama,film & video,drama,subcat7,cat5
film & video/drama,film & video,drama,subcat7,cat5
film & video/drama,film & video,drama,subcat7,cat5
film & video/drama,film & video,drama,subcat7,cat5
film & video/drama,film & video,drama,subcat7,cat5
film & video/drama,film & video,drama,subcat7,cat5
film & video/drama,film & video,drama,subcat7,cat5
film & video/drama,film & video,drama,subcat7,cat5
film & video/drama,film & video,drama,subcat7,cat5
film & video/drama,film & video,drama,subcat7,cat5
film & video/drama,film & video,drama,subcat7,cat5
film & video/drama,film & video,drama,subcat7,cat5
film & video/drama,film & video,drama,subcat7,cat5
film & video/drama,film & video,drama,subcat7,cat5
film & video/drama,film & video,drama,subcat7,cat5
film & video/drama,film & video,drama,subcat7,cat5
film & video/drama,film & video,drama,subcat7,cat5
film & video/drama,film & video,drama,subcat7,cat5
film & video/drama,film & video,drama,subcat7,cat5
film & video/drama,film & video,drama,subcat7,cat5
film & video/drama,film & video,drama,subcat7,cat5
film & video/drama,film & video,drama,subcat7,cat5
film & video/drama,film & video,drama,subcat7,cat5
film & video/drama,film & video,drama,subcat7,cat5
film & video/drama,film & video,drama,subcat7,cat5
film & video/drama,film & video,drama,subcat7,cat5
film & video/drama,film & video,drama,subcat7,cat5
film & video/drama,film & video,drama,subcat7,cat5
film & video/drama,film & video,drama,subcat7,cat5
film & video/science fiction,film & video,science fiction,subcat23,cat5
film & video/science fiction,film & video,science fiction,subcat23,cat5
film & video/science fiction,film & video,science fiction,subcat23,cat5
film & video/science fiction,film & video,science fiction,subcat23,cat5
film & video/science fiction,film & video,science fiction,subcat23,cat5
film & video/science fiction,film & video,science fiction,subcat23,cat5
film & video/science fiction,film & video,science fiction,subcat23,cat5
film & video/science fiction,film & video,science fiction,subcat23,cat5
film & video/science fiction,film & video,science fiction,subcat23,cat5
film & video/science fiction,film & video,science fiction,subcat23,cat5
film & video/science fiction,film & video,science fiction,subcat23,cat5
film & video/science fiction,film & video,science fiction,subcat23,cat5
film & video/science fiction,film & video,science fiction,subcat23,cat5
film & video/science fiction,film & video,science fiction,subcat23,cat5
film & video/shorts,film & video,shorts,subcat13,cat5
film & video/shorts,film & video,shorts,subcat13,cat5
film & video/shorts,film & video,shorts,subcat13,cat5
film & video/shorts,film & video,shorts,subcat13,cat5
film & video/shorts,film & video,shorts,subcat13,cat5
film & video/shorts,film & video,shorts,subcat13,cat5
film & video/shorts,film & video,shorts,subcat13,cat5
film & video/shorts,film & video,shorts,subcat13,cat5
film & video/shorts,film & video,shorts,subcat13,cat5
film & video/shorts,film & video,shorts,subcat13,cat5
film & video/shorts,film & video,shorts,subcat13,cat5
film & video/shorts,film & video,shorts,subcat13,cat5
film & video/shorts,film & video,shorts,subcat13,cat5
film & video/shorts,film & video,shorts,subcat13,cat5
film & video/shorts,film & video,shorts,subcat13,cat5
film & video/shorts,film & video,shorts,subcat13,cat5
film & video/television,film & video,television,subcat20,cat5
film & video/television,film & video,television,subcat20,cat5
film & video/television,film & video,television,subcat20,cat5
film & video/television,film & video,television,subcat20,cat5
film & video/television,film & video,television,subcat20,cat5
film & video/television,film & video,television,subcat20,cat5
film & video/television,film & video,television,subcat20,cat5
film & video/television,film & video,television,subcat20,cat5
film & video/television,film & video,television,subcat20,cat5
film & video/television,film & video,television,subcat20,cat5
film & video/television,film & video,television,subcat20,cat5
film & video/television,film & video,television,subcat20,cat5
film & video/television,film & video,television,subcat20,cat5
film & video/television,film & video,television,subcat20,cat5
film & video/television,film & video,television,subcat20,cat5
film & video/television,film & video,television,subcat20,cat5
film & video/television,film & video,television,subcat20,cat5
food/food trucks,food,food trucks,subcat1,cat1
food/food trucks,food,food trucks,subcat1,cat1
food/food trucks,food,food trucks,subcat1,cat1
food/food trucks,food,food trucks,subcat1,cat1
food/food trucks,food,food trucks,subcat1,cat1
food/food trucks,food,food trucks,subcat1,cat1
food/food trucks,food,food trucks,subcat1,cat1
food/food trucks,food,food trucks,subcat1,cat1
food/food trucks,food,food trucks,subcat1,cat1
food/food trucks,food,food trucks,subcat1,cat1
food/food trucks,food,food trucks,subcat1,cat1
food/food trucks,food,food trucks,subcat1,cat1
food/food trucks,food,food trucks,subcat1,cat1
food/food trucks,food,food trucks,subcat1,cat1
food/food trucks,food,food trucks,subcat1,cat1
food/food trucks,food,food trucks,subcat1,cat1
food/food trucks,food,food trucks,subcat1,cat1
food/food trucks,food,food trucks,subcat1,cat1
food/food trucks,food,food trucks,subcat1,cat1
food/food trucks,food,food trucks,subcat1,cat1
food/food trucks,food,food trucks,subcat1,cat1
food/food trucks,food,food trucks,subcat1,cat1
food/food trucks,food,food trucks,subcat1,cat1
food/food trucks,food,food trucks,subcat1,cat1
food/food trucks,food,food trucks,subcat1,cat1
food/food trucks,food,food trucks,subcat1,cat1
food/food trucks,food,food trucks,subcat1,cat1
food/food trucks,food,food trucks,subcat1,cat1
food/food trucks,food,food trucks,subcat1,cat1
food/food trucks,food,food trucks,subcat1,cat1
food/food trucks,food,food trucks,subcat1,cat1
food/food trucks,food,food trucks,subcat1,cat1
food/food trucks,food,food trucks,subcat1,cat1
food/food trucks,food,food trucks,subcat1,cat1
food/food trucks,food,food trucks,subcat1,cat1
food/food trucks,food,food trucks,subcat1,cat1
food/food trucks,food,food trucks,subcat1,cat1
food/food trucks,food,food trucks,subcat1,cat1
food/food trucks,food,food trucks,subcat1,cat1
food/food trucks,food,food trucks,subcat1,cat1
food/food trucks,food,food trucks,subcat1,cat1
food/food trucks,food,food trucks,subcat1,cat1
food/food trucks,food,food trucks,subcat1,cat1
food/food trucks,food,food trucks,subcat1,cat1
food/food trucks,food,food trucks,subcat1,cat1
food/food trucks,food,food trucks,subcat1,cat1
games/mobile games,games,mobile games,subcat21,cat7
games/mobile games,games,mobile games,subcat21,cat7
games/mobile games,games,mobile games,subcat21,cat7
games/mobile games,games,mobile games,subcat21,cat7
games/mobile games,games,mobile games,subcat21,cat7
games/mobile games,games,mobile games,subcat21,cat7
games/mobile games,games,mobile games,subcat21,cat7
games/mobile games,games,mobile games,subcat21,cat7
games/mobile games,games,mobile games,subcat21,cat7
games/mobile games,games,mobile games,subcat21,cat7
games/mobile games,games,mobile games,subcat21,cat7
games/mobile games,games,mobile games,subcat21,cat7
games/mobile games,games,mobile games,subcat21,cat7
games/video games,games,video games,subcat12,cat7
games/video games,games,video games,subcat12,cat7
games/video games,games,video games,subcat12,cat7
games/video games,games,video games,subcat12,cat7
games/video games,games,video games,subcat12,cat7
games/video games,games,video games,subcat12,cat7
games/video games,games,video games,subcat12,cat7
games/video games,games,video games,subcat12,cat7
games/video games,games,video games,subcat12,cat7
games/video games,games,video games,subcat12,cat7
games/video games,games,video games,subcat12,cat7
games/video games,games,video games,subcat12,cat7
games/video games,games,video games,subcat12,cat7
games/video games,games,video games,subcat12,cat7
games/video games,games,video games,subcat12,cat7
games/video games,games,video games,subcat12,cat7
games/video games,games,video games,subcat12,cat7
games/video games,games,video games,subcat12,cat7
games/video games,games,video games,subcat12,cat7
games/video games,games,video games,subcat12,cat7
games/video games,games,video games,subcat12,cat7
games/video games,games,video games,subcat12,cat7
games/video games,games,video games,subcat12,cat7
games/video games,games,video games,subcat12,cat7
games/video games,games,video games,subcat12,cat7
games/video games,games,video games,subcat12,cat7
games/video games,games,video games,subcat12,cat7
games/video games,games,video games,subcat12,cat7
games/video games,games,video games,subcat12,cat7
games/video games,games,video games,subcat12,cat7
games/video games,games,video games,subcat12,cat7
games/video games,games,video games,subcat12,cat7
games/video games,games,video games,subcat12,cat7
games/video games,games,video games,subcat12,cat7
games/video games,games,video games,subcat12,cat7
journalism/audio,journalism,audio,subcat24,cat9
journalism/audio,journalism,audio,subcat24,cat9
journalism/audio,journalism,audio,subcat24,cat9
journalism/audio,journalism,audio,subcat24,cat9
music/electric music,music,electric music,subcat6,cat2
music/electric music,music,electric music,subcat6,cat2
music/electric music,music,electric music,subcat6,cat2
music/electric music,music,electric music,subcat6,cat2
music/electric music,music,electric music,subcat6,cat2
music/electric music,music,electric music,subcat6,cat2
music/electric music,music,electric music,subcat6,cat2
music/electric music,music,electric music,subcat6,cat2
music/electric music,music,electric music,subcat6,cat2
music/electric music,music,electric music,subcat6,cat2
music/electric music,music,electric music,subcat6,cat2
music/electric music,music,electric music,subcat6,cat2
music/electric music,music,electric music,subcat6,cat2
music/electric music,music,electric music,subcat6,cat2
music/electric music,music,electric music,subcat6,cat2
music/electric music,music,electric music,subcat6,cat2
music/electric music,music,electric music,subcat6,cat2
music/electric music,music,electric music,subcat6,cat2
music/indie rock,music,indie rock,subcat8,cat2
music/indie rock,music,indie rock,subcat8,cat2
music/indie rock,music,indie rock,subcat8,cat2
music/indie rock,music,indie rock,subcat8,cat2
music/indie rock,music,indie rock,subcat8,cat2
music/indie rock,music,indie rock,subcat8,cat2
music/indie rock,music,indie rock,subcat8,cat2
music/indie rock,music,indie rock,subcat8,cat2
music/indie rock,music,indie rock,subcat8,cat2
music/indie rock,music,indie rock,subcat8,cat2
music/indie rock,music,indie rock,subcat8,cat2
music/indie rock,music,indie rock,subcat8,cat2
music/indie rock,music,indie rock,subcat8,cat2
music/indie rock,music,indie rock,subcat8,cat2
music/indie rock,music,indie rock,subcat8,cat2
music/indie rock,music,indie rock,subcat8,cat2
music/indie rock,music,indie rock,subcat8,cat2
music/indie rock,music,indie rock,subcat8,cat2
music/indie rock,music,indie rock,subcat8,cat2
music/indie rock,music,indie rock,subcat8,cat2
music/indie rock,music,indie rock,subcat8,cat2
music/indie rock,music,indie rock,subcat8,cat2
music/indie rock,music,indie rock,subcat8,cat2
music/indie rock,music,indie rock,subcat8,cat2
music/indie rock,music,indie rock,subcat8,cat2
music/indie rock,music,indie rock,subcat8,cat2
music/indie rock,music,indie rock,subcat8,cat2
music/indie rock,music,indie rock,subcat8,cat2
music/indie rock,music,indie rock,subcat8,cat2
music/indie rock,music,indie rock,subcat8,cat2
music/indie rock,music,indie rock,subcat8,cat2
music/indie rock,music,indie rock,subcat8,cat2
music/indie rock,music,indie rock,subcat8,cat2
music/indie rock,music,indie rock,subcat8,cat2
music/indie rock,music,indie rock,subcat8,cat2
music/indie rock,music,indie rock,subcat8,cat2
music/indie rock,music,indie rock,subcat8,cat2
music/indie rock,music,indie rock,subcat8,cat2
music/indie rock,music,indie rock,subcat8,cat2
music/indie rock,music,indie rock,subcat8,cat2
music/indie rock,music,indie rock,subcat8,cat2
music/indie rock,music,indie rock,subcat8,cat2
music/indie rock,music,indie rock,subcat8,cat2
music/indie rock,music,indie rock,subcat8,cat2
music/indie rock,music,indie rock,subcat8,cat2
music/jazz,music,jazz,subcat18,cat2
music/jazz,music,jazz,subcat18,cat2
music/jazz,music,jazz,subcat18,cat2
music/jazz,music,jazz,subcat18,cat2
music/jazz,music,jazz,subcat18,cat2
music/jazz,music,jazz,subcat18,cat2
music/jazz,music,jazz,subcat18,cat2
music/jazz,music,jazz,subcat18,cat2
music/jazz,music,jazz,subcat18,cat2
music/jazz,music,jazz,subcat18,cat2
music/jazz,music,jazz,subcat18,cat2
music/jazz,music,jazz,subcat18,cat2
music/jazz,music,jazz,subcat18,cat2
music/jazz,music,jazz,subcat18,cat2
music/jazz,music,jazz,subcat18,cat2
music/jazz,music,jazz,subcat18,cat2
music/jazz,music,jazz,subcat18,cat2
music/metal,music,metal,subcat17,cat2
music/metal,music,metal,subcat17,cat2
music/metal,music,metal,subcat17,cat2
music/metal,music,metal,subcat17,cat2
music/metal,music,metal,subcat17,cat2
music/metal,music,metal,subcat17,cat2
music/metal,music,metal,subcat17,cat2
music/rock,music,rock,subcat2,cat2
music/rock,music,rock,subcat2,cat2
music/rock,music,rock,subcat2,cat2
music/rock,music,rock,subcat2,cat2
music/rock,music,rock,subcat2,cat2
music/rock,music,rock,subcat2,cat2
music/rock,music,rock,subcat2,cat2
music/rock,music,rock,subcat2,cat2
music/rock,music,rock,subcat2,cat2
music/rock,music,rock,subcat2,cat2
music/rock,music,rock,subcat2,cat2
music/rock,music,rock,subcat2,cat2
music/rock,music,rock,subcat2,cat2
music/rock,music,rock,subcat2,cat2
music/rock,music,rock,subcat2,cat2
music/rock,music,rock,subcat2,cat2
music/rock,music,rock,subcat2,cat2
music/rock,music,rock,subcat2,cat2
music/rock,music,rock,subcat2,cat2
music/rock,music,rock,subcat2,cat2
music/rock,music,rock,subcat2,cat2
music/rock,music,rock,subcat2,cat2
music/rock,music,rock,subcat2,cat2
music/rock,music,rock,subcat2,cat2
music/rock,music,rock,subcat2,cat2
music/rock,music,rock,subcat2,cat2
music/rock,music,rock,subcat2,cat2
music/rock,music,rock,subcat2,cat2
music/rock,music,rock,subcat2,cat2
music/rock,music,rock,subcat2,cat2
music/rock,music,rock,subcat2,cat2
music/rock,music,rock,subcat2,cat2
music/rock,music,rock,subcat2,cat2
music/rock,music,rock,subcat2,cat2
music/rock,music,rock,subcat2,cat2
music/rock,music,rock,subcat2,cat2
music/rock,music,rock,subcat2,cat2
music/rock,music,rock,subcat2,cat2
music/rock,music,rock,subcat2,cat2
music/rock,music,rock,subcat2,cat2
music/rock,music,rock,subcat2,cat2
music/rock,music,rock,subcat2,cat2
music/rock,music,rock,subcat2,cat2
music/rock,music,rock,subcat2,cat2
music/rock,music,rock,subcat2,cat2
music/rock,music,rock,subcat2,cat2
music/rock,music,rock,subcat2,cat2
music/rock,music,rock,subcat2,cat2
music/rock,music,rock,subcat2,cat2
music/rock,music,rock,subcat2,cat2
music/rock,music,rock,subcat2,cat2
music/rock,music,rock,subcat2,cat2
music/rock,music,rock,subcat2,cat2
music/rock,music,rock,subcat2,cat2
music/rock,music,rock,subcat2,cat2
music/rock,music,rock,subcat2,cat2
music/rock,music,rock,subcat2,cat2
music/rock,music,rock,subcat2,cat2
music/rock,music,rock,subcat2,cat2
music/rock,music,rock,subcat2,cat2
music/rock,music,rock,subcat2,cat2
music/rock,music,rock,subcat2,cat2
music/rock,music,rock,subcat2,cat2
music/rock,music,rock,subcat2,cat2
music/rock,music,rock,subcat2,cat2
music/rock,music,rock,subcat2,cat2
music/rock,music,rock,subcat2,cat2
music/rock,music,rock,subcat2,cat2
music/rock,music,rock,subcat2,cat2
music/rock,music,rock,subcat2,cat2
music/rock,music,rock,subcat2,cat2
music/rock,music,rock,subcat2,cat2
music/rock,music,rock,subcat2,cat2
music/rock,music,rock,subcat2,cat2
music/rock,music,rock,subcat2,cat2
music/rock,music,rock,subcat2,cat2
music/rock,music,rock,subcat2,cat2
music/rock,music,rock,subcat2,cat2
music/rock,music,rock,subcat2,cat2
music/rock,music,rock,subcat2,cat2
music/rock,music,rock,subcat2,cat2
music/rock,music,rock,subcat2,cat2
music/rock,music,rock,subcat2,cat2
music/rock,music,rock,subcat2,cat2
music/rock,music,rock,subcat2,cat2
music/world music,music,world music,subcat22,cat2
music/world music,music,world music,subcat22,cat2
music/world music,music,world music,subcat22,cat2
photography/photography books,photography,photography books,subcat15,cat8
photography/photography books,photography,photography books,subcat15,cat8
photography/photography books,photography,photography books,subcat15,cat8
photography/photography books,photography,photography books,subcat15,cat8
photography/photography books,photography,photography books,subcat15,cat8
photography/photography books,photography,photography books,subcat15,cat8
photography/photography books,photography,photography books,subcat15,cat8
photography/photography books,photography,photography books,subcat15,cat8
photography/photography books,photography,photography books,subcat15,cat8
photography/photography books,photography,photography books,subcat15,cat8
photography/photography books,photography,photography books,subcat15,cat8
photography/photography books,photography,photography books,subcat15,cat8
photography/photography books,photography,photography books,subcat15,cat8
photography/photography books,photography,photography books,subcat15,cat8
photography/photography books,photography,photography books,subcat15,cat8
photography/photography books,photography,photography books,subcat15,cat8
photography/photography books,photography,photography books,subcat15,cat8
photography/photography books,photography,photography books,subcat15,cat8
photography/photography books,photography,photography books,subcat15,cat8
photography/photography books,photography,photography books,subcat15,cat8
photography/photography books,photography,photography books,subcat15,cat8
photography/photography books,photography,photography books,subcat15,cat8
photography/photography books,photography,photography books,subcat15,cat8
photography/photography books,photography,photography books,subcat15,cat8
photography/photography books,photography,photography books,subcat15,cat8
photography/photography books,photography,photography books,subcat15,cat8
photography/photography books,photography,photography books,subcat15,cat8
photography/photography books,photography,photography books,subcat15,cat8
photography/photography books,photography,photography books,subcat15,cat8
photography/photography books,photography,photography books,subcat15,cat8
photography/photography books,photography,photography books,subcat15,cat8
photography/photography books,photography,photography books,subcat15,cat8
photography/photography books,photography,photography books,subcat15,cat8
photography/photography books,photography,photography books,subcat15,cat8
photography/photography books,photography,photography books,subcat15,cat8
photography/photography books,photography,photography books,subcat15,cat8
photography/photography books,photography,photography books,subcat15,cat8
photography/photography books,photography,photography books,subcat15,cat8
photography/photography books,photography,photography books,subcat15,cat8
photography/photography books,photography,photography books,subcat15,cat8
photography/photography books,photography,photography books,subcat15,cat8
photography/photography books,photography,photography books,subcat15,cat8
publishing/fiction,publishing,fiction,subcat14,cat6
publishing/fiction,publishing,fiction,subcat14,cat6
publishing/fiction,publishing,fiction,subcat14,cat6
publishing/fiction,publishing,fiction,subcat14,cat6
publishing/fiction,publishing,fiction,subcat14,cat6
publishing/fiction,publishing,fiction,subcat14,cat6
publishing/fiction,publishing,fiction,subcat14,cat6
publishing/fiction,publishing,fiction,subcat14,cat6
publishing/fiction,publishing,fiction,subcat14,cat6
publishing/fiction,publishing,fiction,subcat14,cat6
publishing/fiction,publishing,fiction,subcat14,cat6
publishing/fiction,publishing,fiction,subcat14,cat6
publishing/fiction,publishing,fiction,subcat14,cat6
publishing/fiction,publishing,fiction,subcat14,cat6
publishing/fiction,publishing,fiction,subcat14,cat6
publishing/fiction,publishing,fiction,subcat14,cat6
publishing/fiction,publishing,fiction,subcat14,cat6
publishing/nonfiction,publishing,nonfiction,subcat10,cat6
publishing/nonfiction,publishing,nonfiction,subcat10,cat6
publishing/nonfiction,publishing,nonfiction,subcat10,cat6
publishing/nonfiction,publishing,nonfiction,subcat10,cat6
publishing/nonfiction,publishing,nonfiction,subcat10,cat6
publishing/nonfiction,publishing,nonfiction,subcat10,cat6
publishing/nonfiction,publishing,nonfiction,subcat10,cat6
publishing/nonfiction,publishing,nonfiction,subcat10,cat6
publishing/nonfiction,publishing,nonfiction,subcat10,cat6
publishing/nonfiction,publishing,nonfiction,subcat10,cat6
publishing/nonfiction,publishing,nonfiction,subcat10,cat6
publishing/nonfiction,publishing,nonfiction,subcat10,cat6
publishing/nonfiction,publishing,nonfiction,subcat10,cat6
publishing/nonfiction,publishing,nonfiction,subcat10,cat6
publishing/nonfiction,publishing,nonfiction,subcat10,cat6
publishing/nonfiction,publishing,nonfiction,subcat10,cat6
publishing/nonfiction,publishing,nonfiction,subcat10,cat6
publishing/nonfiction,publishing,nonfiction,subcat10,cat6
publishing/nonfiction,publishing,nonfiction,subcat10,cat6
publishing/nonfiction,publishing,nonfiction,subcat10,cat6
publishing/nonfiction,publishing,nonfiction,subcat10,cat6
publishing/radio & podcasts,publishing,radio & podcasts,subcat16,cat6
publishing/radio & podcasts,publishing,radio & podcasts,subcat16,cat6
publishing/radio & podcasts,publishing,radio & podcasts,subcat16,cat6
publishing/radio & podcasts,publishing,radio & podcasts,subcat16,cat6
publishing/radio & podcasts,publishing,radio & podcasts,subcat16,cat6
publishing/radio & podcasts,publishing,radio & podcasts,subcat16,cat6
publishing/radio & podcasts,publishing,radio & podcasts,subcat16,cat6
publishing/radio & podcasts,publishing,radio & podcasts,subcat16,cat6
publishing/translations,publishing,translations,subcat19,cat6
publishing/translations,publishing,translations,subcat19,cat6
publishing/translations,publishing,translations,subcat19,cat6
publishing/translations,publishing,translations,subcat19,cat6
publishing/translations,publishing,translations,subcat19,cat6
publishing/translations,publishing,translations,subcat19,cat6
publishing/translations,publishing,translations,subcat19,cat6
publishing/translations,publishing,translations,subcat19,cat6
publishing/translations,publishing,translations,subcat19,cat6
publishing/translations,publishing,translations,subcat19,cat6
publishing/translations,publishing,translations,subcat19,cat6
publishing/translations,publishing,translations,subcat19,cat6
publishing/translations,publishing,translations,subcat19,cat6
publishing/translations,publishing,translations,subcat19,cat6
publishing/translations,publishing,translations,subcat19,cat6
publishing/translations,publishing,translations,subcat19,cat6
publishing/translations,publishing,translations,subcat19,cat6
publishing/translations,publishing,translations,subcat19,cat6
publishing/translations,publishing,translations,subcat19,cat6
publishing/translations,publishing,translations,subcat19,cat6
publishing/translations,publishing,translations,subcat19,cat6
technology/wearables,technology,wearables,subcat9,cat3
technology/wearables,technology,wearables,subcat9,cat3
technology/wearables,technology,wearables,subcat9,cat3
technology/wearables,technology,wearables,subcat9,cat3
technology/wearables,technology,wearables,subcat9,cat3
technology/wearables,technology,wearables,subcat9,cat3
technology/wearables,technology,wearables,subcat9,cat3
technology/wearables,technology,wearables,subcat9,cat3
technology/wearables,technology,wearables,subcat9,cat3
technology/wearables,technology,wearables,subcat9,cat3
technology/wearables,technology,wearables,subcat9,cat3
technology/wearables,technology,wearables,subcat9,cat3
technology/wearables,technology,wearables,subcat9,cat3
technology/wearables,technology,wearables,subcat9,cat3
technology/wearables,technology,wearables,subcat9,cat3
technology/wearables,technology,wearables,subcat9,cat3
technology/wearables,technology,wearables,subcat9,cat3
technology/wearables,technology,wearables,subcat9,cat3
technology/wearables,technology,wearables,subcat9,cat3
technology/wearables,technology,wearables,subcat9,cat3
technology/wearables,technology,wearables,subcat9,cat3
technology/wearables,technology,wearables,subcat9,cat3
technology/wearables,technology,wearables,subcat9,cat3
technology/wearables,technology,wearables,subcat9,cat3
technology/wearables,technology,wearables,subcat9,cat3
technology/wearables,technology,wearables,subcat9,cat3
technology/wearables,technology,wearables,subcat9,cat3
technology/wearables,technology,wearables,subcat9,cat3
technology/wearables,technology,wearables,subcat9,cat3
technology/wearables,technology,wearables,subcat9,cat3
technology/wearables,technology,wearables,subcat9,cat3
technology/wearables,technology,wearables,subcat9,cat3
technology/wearables,technology,wearables,subcat9,cat3
technology/wearables,technology,wearables,subcat9,cat3
technology/wearables,technology,wearables,subcat9,cat3
technology/wearables,technology,wearables,subcat9,cat3
technology/wearables,technology,wearables,subcat9,cat3
technology/wearables,technology,wearables,subcat9,cat3
technology/wearables,technology,wearables,subcat9,cat3
technology/wearables,technology,wearables,subcat9,cat3
technology/wearables,technology,wearables,subcat9,cat3
technology/wearables,technology,wearables,subcat9,cat3
technology/wearables,technology,wearables,subcat9,cat3
technology/wearables,technology,wearables,subcat9,cat3
technology/wearables,technology,wearables,subcat9,cat3
technology/web,technology,web,subcat3,cat3
technology/web,technology,web,subcat3,cat3
technology/web,technology,web,subcat3,cat3
technology/web,technology,web,subcat3,cat3
technology/web,technology,web,subcat3,cat3
technology/web,technology,web,subcat3,cat3
technology/web,technology,web,subcat3,cat3
technology/web,technology,web,subcat3,cat3
technology/web,technology,web,subcat3,cat3
technology/web,technology,web,subcat3,cat3
technology/web,technology,web,subcat3,cat3
technology/web,technology,web,subcat3,cat3
technology/web,technology,web,subcat3,cat3
technology/web,technology,web,subcat3,cat3
technology/web,technology,web,subcat3,cat3
technology/web,technology,web,subcat3,cat3
technology/web,technology,web,subcat3,cat3
technology/web,technology,web,subcat3,cat3
technology/web,technology,web,subcat3,cat3
technology/web,technology,web,subcat3,cat3
technology/web,technology,web,subcat3,cat3
technology/web,technology,web,subcat3,cat3
technology/web,technology,web,subcat3,cat3
technology/web,technology,web,subcat3,cat3
technology/web,technology,web,subcat3,cat3
technology/web,technology,web,subcat3,cat3
technology/web,technology,web,subcat3,cat3
technology/web,technology,web,subcat3,cat3
technology/web,technology,web,subcat3,cat3
technology/web,technology,web,subcat3,cat3
technology/web,technology,web,subcat3,cat3
technology/web,technology,web,subcat3,cat3
technology/web,technology,web,subcat3,cat3
technology/web,technology,web,subcat3,cat3
technology/web,technology,web,subcat3,cat3
technology/web,technology,web,subcat3,cat3
technology/web,technology,web,subcat3,cat3
technology/web,technology,web,subcat3,cat3
technology/web,technology,web,subcat3,cat3
technology/web,technology,web,subcat3,cat3
technology/web,technology,web,subcat3,cat3
technology/web,technology,web,subcat3,cat3
technology/web,technology,web,subcat3,cat3
technology/web,technology,web,subcat3,cat3
technology/web,technology,web,subcat3,cat3
technology/web,technology,web,subcat3,cat3
technology/web,technology,web,subcat3,cat3
technology/web,technology,web,subcat3,cat3
technology/web,technology,web,subcat3,cat3
technology/web,technology,web,subcat3,cat3
technology/web,technology,web,subcat3,cat3
theater/plays,theater,plays,subcat4,cat4
theater/plays,theater,plays,subcat4,cat4
theater/plays,theater,plays,subcat4,cat4
theater/plays,theater,plays,subcat4,cat4
theater/plays,theater,plays,subcat4,cat4
theater/plays,theater,plays,subcat4,cat4
theater/plays,theater,plays,subcat4,cat4
theater/plays,theater,plays,subcat4,cat4
theater/plays,theater,plays,subcat4,cat4
theater/plays,theater,plays,subcat4,cat4
theater/plays,theater,plays,subcat4,cat4
theater/plays,theater,plays,subcat4,cat4
theater/plays,theater,plays,subcat4,cat4
theater/plays,theater,plays,subcat4,cat4
theater/plays,theater,plays,subcat4,cat4
theater/plays,theater,plays,subcat4,cat4
theater/plays,theater,plays,subcat4,cat4
theater/plays,theater,plays,subcat4,cat4
theater/plays,theater,plays,subcat4,cat4
theater/plays,theater,plays,subcat4,cat4
theater/plays,theater,plays,subcat4,cat4
theater/plays,theater,plays,subcat4,cat4
theater/plays,theater,plays,subcat4,cat4
theater/plays,theater,plays,subcat4,cat4
theater/plays,theater,plays,subcat4,cat4
theater/plays,theater,plays,subcat4,cat4
theater/plays,theater,plays,subcat4,cat4
theater/plays,theater,plays,subcat4,cat4
theater/plays,theater,plays,subcat4,cat4
theater/plays,theater,plays,subcat4,cat4
theater/plays,theater,plays,subcat4,cat4
theater/plays,theater,plays,subcat4,cat4
theater/plays,theater,plays,subcat4,cat4
theater/plays,theater,plays,subcat4,cat4
theater/plays,theater,plays,subcat4,cat4
theater/plays,theater,plays,subcat4,cat4
theater/plays,theater,plays,subcat4,cat4
theater/plays,theater,plays,subcat4,cat4
theater/plays,theater,plays,subcat4,cat4
theater/plays,theater,plays,subcat4,cat4
theater/plays,theater,plays,subcat4,cat4
theater/plays,theater,plays,subcat4,cat4
theater/plays,theater,plays,subcat4,cat4
theater/plays,theater,plays,subcat4,cat4
theater/plays,theater,plays,subcat4,cat4
theater/plays,theater,plays,subcat4,cat4
theater/plays,theater,plays,subcat4,cat4
theater/plays,theater,plays,subcat4,cat4
theater/plays,theater,plays,subcat4,cat4
theater/plays,theater,plays,subcat4,cat4
theater/plays,theater,plays,subcat4,cat4
theater/plays,theater,plays,subcat4,cat4
theater/plays,theater,plays,subcat4,cat4
theater/plays,theater,plays,subcat4,cat4
theater/plays,theater,plays,subcat4,cat4
theater/plays,theater,plays,subcat4,cat4
theater/plays,theater,plays,subcat4,cat4
theater/plays,theater,plays,subcat4,cat4
theater/plays,theater,plays,subcat4,cat4
theater/plays,theater,plays,subcat4,cat4
theater/plays,theater,plays,subcat4,cat4
theater/plays,theater,plays,subcat4,cat4
theater/plays,theater,plays,subcat4,cat4
theater/plays,theater,plays,subcat4,cat4
theater/plays,theater,plays,subcat4,cat4
theater/plays,theater,plays,subcat4,cat4
theater/plays,theater,plays,subcat4,cat4
theater/plays,theater,plays,subcat4,cat4
theater/plays,theater,plays,subcat4,cat4
theater/plays,theater,plays,subcat4,cat4
theater/plays,theater,plays,subcat4,cat4
theater/plays,theater,plays,subcat4,cat4
theater/plays,theater,plays,subcat4,cat4
theater/plays,theater,plays,subcat4,cat4
theater/plays,theater,plays,subcat4,cat4
theater/plays,theater,plays,subcat4,cat4
theater/plays,theater,plays,subcat4,cat4
theater/plays,theater,plays,subcat4,cat4
theater/plays,theater,plays,subcat4,cat4
theater/plays,theater,plays,subcat4,cat4
theater/plays,theater,plays,subcat4,cat4
theater/plays,theater,plays,subcat4,cat4
theater/plays,theater,plays,subcat4,cat4
theater/plays,theater,plays,subcat4,cat4
theater/plays,theater,plays,subcat4,cat4
theater/plays,theater,plays,subcat4,cat4
theater/plays,theater,plays,subcat4,cat4
theater/plays,theater,plays,subcat4,cat4
theater/plays,theater,plays,subcat4,cat4
theater/plays,theater,plays,subcat4,cat4
theater/plays,theater,plays,subcat4,cat4
theater/plays,theater,plays,subcat4,cat4
theater/plays,theater,plays,subcat4,cat4
theater/plays,theater,plays,subcat4,cat4
theater/plays,theater,plays,subcat4,cat4
theater/plays,theater,plays,subcat4,cat4
theater/plays,theater,plays,subcat4,cat4
theater/plays,theater,plays,subcat4,cat4
theater/plays,theater,plays,subcat4,cat4
theater/plays,theater,plays,subcat4,cat4
theater/plays,theater,plays,subcat4,cat4
theater/plays,theater,plays,subcat4,cat4
theater/plays,theater,plays,subcat4,cat4
theater/plays,theater,plays,subcat4,cat4
theater/plays,theater,plays,subcat4,cat4
theater/plays,theater,plays,subcat4,cat4
theater/plays,theater,plays,subcat4,cat4
theater/plays,theater,plays,subcat4,cat4
theater/plays,theater,plays,subcat4,cat4
theater/plays,theater,plays,subcat4,cat4
theater/plays,theater,plays,subcat4,cat4
theater/plays,theater,plays,subcat4,cat4
theater/plays,theater,plays,subcat4,cat4
theater/plays,theater,plays,subcat4,cat4
theater/plays,theater,plays,subcat4,cat4
theater/plays,theater,plays,subcat4,cat4
theater/plays,theater,plays,subcat4,cat4
theater/plays,theater,plays,subcat4,cat4
theater/plays,theater,plays,subcat4,cat4
theater/plays,theater,plays,subcat4,cat4
theater/plays,theater,plays,subcat4,cat4
theater/plays,theater,plays,subcat4,cat4
theater/plays,theater,plays,subcat4,cat4
theater/plays,theater,plays,subcat4,cat4
theater/plays,theater,plays,subcat4,cat4
theater/plays,theater,plays,subcat4,cat4
theater/plays,theater,plays,subcat4,cat4
theater/plays,theater,plays,subcat4,cat4
theater/plays,theater,plays,subcat4,cat4
theater/plays,theater,plays,subcat4,cat4
theater/plays,theater,plays,subcat4,cat4
theater/plays,theater,plays,subcat4,cat4
theater/plays,theater,plays,subcat4,cat4
theater/plays,theater,plays,subcat4,cat4
theater/plays,theater,plays,subcat4,cat4
theater/plays,theater,plays,subcat4,cat4
theater/plays,theater,plays,subcat4,cat4
theater/plays,theater,plays,subcat4,cat4
theater/plays,theater,plays,subcat4,cat4
theater/plays,theater,plays,subcat4,cat4
theater/plays,theater,plays,subcat4,cat4
theater/plays,theater,plays,subcat4,cat4
theater/plays,theater,plays,subcat4,cat4
theater/plays,theater,plays,subcat4,cat4
theater/plays,theater,plays,subcat4,cat4
theater/plays,theater,plays,subcat4,cat4
theater/plays,theater,plays,subcat4,cat4
theater/plays,theater,plays,subcat4,cat4
theater/plays,theater,plays,subcat4,cat4
theater/plays,theater,plays,subcat4,cat4
theater/plays,theater,plays,subcat4,cat4
theater/plays,theater,plays,subcat4,cat4
theater/plays,theater,plays,subcat4,cat4
theater/plays,theater,plays,subcat4,cat4
theater/plays,theater,plays,subcat4,cat4
theater/plays,theater,plays,subcat4,cat4
theater/plays,theater,plays,subcat4,cat4
theater/plays,theater,plays,subcat4,cat4
theater/plays,theater,plays,subcat4,cat4
theater/plays,theater,plays,subcat4,cat4
theater/plays,theater,plays,subcat4,cat4
theater/plays,theater,plays,subcat4,cat4
theater/plays,theater,plays,subcat4,cat4
theater/plays,theater,plays,subcat4,cat4
theater/plays,theater,plays,subcat4,cat4
theater/plays,theater,plays,subcat4,cat4
theater/plays,theater,plays,subcat4,cat4
theater/plays,theater,plays,subcat4,cat4
theater/plays,theater,plays,subcat4,cat4
theater/plays,theater,plays,subcat4,cat4
theater/plays,theater,plays,subcat4,cat4
theater/plays,theater,plays,subcat4,cat4
theater/plays,theater,plays,subcat4,cat4
theater/plays,theater,plays,subcat4,cat4
theater/plays,theater,plays,subcat4,cat4
theater/plays,theater,plays,subcat4,cat4
theater/plays,theater,plays,subcat4,cat4
theater/plays,theater,plays,subcat4,cat4
theater/plays,theater,plays,subcat4,cat4
theater/plays,theater,plays,subcat4,cat4
theater/plays,theater,plays,subcat4,cat4
theater/plays,theater,plays,subcat4,cat4
theater/plays,theater,plays,subcat4,cat4
theater/plays,theater,plays,subcat4,cat4
theater/plays,theater,plays,subcat4,cat4
theater/plays,theater,plays,subcat4,cat4
theater/plays,theater,plays,subcat4,cat4
theater/plays,theater,plays,subcat4,cat4
theater/plays,theater,plays,subcat4,cat4
theater/plays,theater,plays,subcat4,cat4
theater/plays,theater,plays,subcat4,cat4
theater/plays,theater,plays,subcat4,cat4
theater/plays,theater,plays,subcat4,cat4
theater/plays,theater,plays,subcat4,cat4
theater/plays,theater,plays,subcat4,cat4
theater/plays,theater,plays,subcat4,cat4
theater/plays,theater,plays,subcat4,cat4
theater/plays,theater,plays,subcat4,cat4
theater/plays,theater,plays,subcat4,cat4
theater/plays,theater,plays,subcat4,cat4
theater/plays,theater,plays,subcat4,cat4
theater/plays,theater,plays,subcat4,cat4
theater/plays,theater,plays,subcat4,cat4
theater/plays,theater,plays,subcat4,cat4
theater/plays,theater,plays,subcat4,cat4
theater/plays,theater,plays,subcat4,cat4
theater/plays,theater,plays,subcat4,cat4
theater/plays,theater,plays,subcat4,cat4
theater/plays,theater,plays,subcat4,cat4
theater/plays,theater,plays,subcat4,cat4
theater/plays,theater,plays,subcat4,cat4
theater/plays,theater,plays,subcat4,cat4
theater/plays,theater,plays,subcat4,cat4
theater/plays,theater,plays,subcat4,cat4
theater/plays,theater,plays,subcat4,cat4
theater/plays,theater,plays,subcat4,cat4
theater/plays,theater,plays,subcat4,cat4
theater/plays,theater,plays,subcat4,cat4
theater/plays,theater,plays,subcat4,cat4
theater/plays,theater,plays,subcat4,cat4
theater/plays,theater,plays,subcat4,cat4
theater/plays,theater,plays,subcat4,cat4
theater/plays,theater,plays,subcat4,cat4
theater/plays,theater,plays,subcat4,cat4
theater/plays,theater,plays,subcat4,cat4
theater/plays,theater,plays,subcat4,cat4
theater/plays,theater,plays,subcat4,cat4
theater/plays,theater,plays,subcat4,cat4
theater/plays,theater,plays,subcat4,cat4
theater/plays,theater,plays,subcat4,cat4
theater/plays,theater,plays,subcat4,cat4
theater/plays,theater,plays,subcat4,cat4
theater/plays,theater,plays,subcat4,cat4
theater/plays,theater,plays,subcat4,cat4
theater/plays,theater,plays,subcat4,cat4
theater/plays,theater,plays,subcat4,cat4
theater/plays,theater,plays,subcat4,cat4
theater/plays,theater,plays,subcat4,cat4
theater/plays,theater,plays,subcat4,cat4
theater/plays,theater,plays,subcat4,cat4
theater/plays,theater,plays,subcat4,cat4
theater/plays,theater,plays,subcat4,cat4
theater/plays,theater,plays,subcat4,cat4
theater/plays,theater,plays,subcat4,cat4
theater/plays,theater,plays,subcat4,cat4
theater/plays,theater,plays,subcat4,cat4
theater/plays,theater,plays,subcat4,cat4
theater/plays,theater,plays,subcat4,cat4
theater/plays,theater,plays,subcat4,cat4
theater/plays,theater,plays,subcat4,cat4
theater/plays,theater,plays,subcat4,cat4
theater/plays,theater,plays,subcat4,cat4
theater/plays,theater,plays,subcat4,cat4
theater/plays,theater,plays,subcat4,cat4
theater/plays,theater,plays,subcat4,cat4
theater/plays,theater,plays,subcat4,cat4
theater/plays,theater,plays,subcat4,cat4
theater/plays,theater,plays,subcat4,cat4
theater/plays,theater,plays,subcat4,cat4
theater/plays,theater,plays,subcat4,cat4
theater/plays,theater,plays,subcat4,cat4
theater/plays,theater,plays,subcat4,cat4
theater/plays,theater,plays,subcat4,cat4
theater/plays,theater,plays,subcat4,cat4
theater/plays,theater,plays,subcat4,cat4
theater/plays,theater,plays,subcat4,cat4
theater/plays,theater,plays,subcat4,cat4
theater/plays,theater,plays,subcat4,cat4
theater/plays,theater,plays,subcat4,cat4
theater/plays,theater,plays,subcat4,cat4
theater/plays,theater,plays,subcat4,cat4
theater/plays,theater,plays,subcat4,cat4
theater/plays,theater,plays,subcat4,cat4
theater/plays,theater,plays,subcat4,cat4
theater/plays,theater,plays,subcat4,cat4
theater/plays,theater,plays,subcat4,cat4
theater/plays,theater,plays,subcat4,cat4
theater/plays,theater,plays,subcat4,cat4
theater/plays,theater,plays,subcat4,cat4
theater/plays,theater,plays,subcat4,cat4
theater/plays,theater,plays,subcat4,cat4
theater/plays,theater,plays,subcat4,cat4
theater/plays,theater,plays,subcat4,cat4
theater/plays,theater,plays,subcat4,cat4
theater/plays,theater,plays,subcat4,cat4
theater/plays,theater,plays,subcat4,cat4
theater/plays,theater,plays,subcat4,cat4
theater/plays,theater,plays,subcat4,cat4
theater/plays,theater,plays,subcat4,cat4
theater/plays,theater,plays,subcat4,cat4
theater/plays,theater,plays,subcat4,cat4
theater/plays,theater,plays,subcat4,cat4
theater/plays,theater,plays,subcat4,cat4
theater/plays,theater,plays,subcat4,cat4
theater/plays,theater,plays,subcat4,cat4
theater/plays,theater,plays,subcat4,cat4
theater/plays,theater,plays,subcat4,cat4
theater/plays,theater,plays,subcat4,cat4
theater/plays,theater,plays,subcat4,cat4
theater/plays,theater,plays,subcat4,cat4
theater/plays,theater,plays,subcat4,cat4
theater/plays,theater,plays,subcat4,cat4
theater/plays,theater,plays,subcat4,cat4
theater/plays,theater,plays,subcat4,cat4
theater/plays,theater,plays,subcat4,cat4
theater/plays,theater,plays,subcat4,cat4
theater/plays,theater,plays,subcat4,cat4
theater/plays,theater,plays,subcat4,cat4
theater/plays,theater,plays,subcat4,cat4
theater/plays,theater,plays,subcat4,cat4
theater/plays,theater,plays,subcat4,cat4
theater/plays,theater,plays,subcat4,cat4
theater/plays,theater,plays,subcat4,cat4
theater/plays,theater,plays,subcat4,cat4
theater/plays,theater,plays,subcat4,cat4
theater/plays,theater,plays,subcat4,cat4
theater/plays,theater,plays,subcat4,cat4
theater/plays,theater,plays,subcat4,cat4
theater/plays,theater,plays,subcat4,cat4
theater/plays,theater,plays,subcat4,cat4
theater/plays,theater,plays,subcat4,cat4
theater/plays,theater,plays,subcat4,cat4
theater/plays,theater,plays,subcat4,cat4
theater/plays,theater,plays,subcat4,cat4
theater/plays,theater,plays,subcat4,cat4
theater/plays,theater,plays,subcat4,cat4
theater/plays,theater,plays,subcat4,cat4
theater/plays,theater,plays,subcat4,cat4
theater/plays,theater,plays,subcat4,cat4
theater/plays,theater,plays,subcat4,cat4
theater/plays,theater,plays,subcat4,cat4
theater/plays,theater,plays,subcat4,cat4
theater/plays,theater,plays,subcat4,cat4
theater/plays,theater,plays,subcat4,cat4
theater/plays,theater,plays,subcat4,cat4
theater/plays,theater,plays,subcat4,cat4
theater/plays,theater,plays,subcat4,cat4
theater/plays,theater,plays,subcat4,cat4
theater/plays,theater,plays,subcat4,cat4
theater/plays,theater,plays,subcat4,cat4
theater/plays,theater,plays,subcat4,cat4
theater/plays,theater,plays,subcat4,cat4
theater/plays,theater,plays,subcat4,cat4
theater/plays,theater,plays,subcat4,cat4
